radio,mcc,net,area,cell,unit,lon,lat,range,samples,changeable,created,updated,averageSignal
LTE,222,10,12037,6785057,0,9.2168,45.4644,1000,11,1,1458927062,1757757423,0
LTE,222,88,10997,31236615,0,9.2289,45.4814,1000,5,1,1511883300,1742984403,0
UMTS,222,88,14511,31617238,0,9.2185,45.4836,1000,11,1,1517421215,1749590822,0
LTE,222,88,10998,31396352,0,9.2139,45.4768,1769,4,1,1552501201,1766680681,0
LTE,222,50,10997,31268098,-1,9.2398,45.4772,1021,24,1,1574932478,1777295461,0
LTE,222,50,10974,31409152,-1,9.2399,45.4655,1586,19,1,1577121573,1777295461,0
UMTS,222,50,14511,31603895,34,9.2317,45.4844,1727,16,1,1578623057,1740051483,0
LTE,222,50,55220,256473939,-1,9.2163,45.4879,5302,6,1,1579657189,1754406023,0
LTE,222,50,10997,31268102,-1,9.2379,45.4841,1000,8,1,1581929573,1775387223,0
LTE,222,50,10997,31268108,-1,9.2384,45.4856,1000,10,1,1581929574,1762603023,0
LTE,222,50,10997,31268096,-1,9.2355,45.4853,1986,10,1,1581929615,1777295461,0
LTE,222,50,55226,256019773,-1,9.2184,45.4838,635,36,1,1590891544,1756806841,0
LTE,222,50,55226,256085309,-1,9.2158,45.4822,500,25,1,1590891584,1767460264,0
LTE,222,50,55226,256085310,-1,9.2165,45.4767,604,27,1,1590891654,1767452524,0
LTE,222,50,55229,256074301,-1,9.2137,45.4692,5125,31,1,1590891844,1767545702,0
LTE,222,50,55229,256020287,-1,9.2237,45.4671,711,50,1,1590891964,1767452524,0
LTE,222,50,55229,256074302,-1,9.2134,45.4653,1000,22,1,1590891974,1765193522,0
LTE,222,50,55229,256020245,-1,9.2232,45.4733,918,50,1,1594956807,1756460461,0
LTE,222,50,55226,256085311,-1,9.2137,45.4798,531,36,1,1594957382,1767452524,0
LTE,222,50,55229,256020286,-1,9.2239,45.4698,914,50,1,1594985096,1767452524,0
LTE,222,50,55226,256001558,-1,9.2348,45.4791,1000,9,1,1594991101,1773601982,0
LTE,222,50,55226,256019794,-1,9.2118,45.4789,983,26,1,1595868268,1767452524,0
LTE,222,50,55229,256074321,-1,9.2163,45.4682,1000,23,1,1595908757,1765200183,0
LTE,222,50,55226,256076351,-1,9.2194,45.4786,808,30,1,1595908968,1740065283,0
LTE,222,50,55226,256076349,-1,9.2233,45.4824,500,38,1,1596128106,1756806841,0
LTE,222,50,55226,256076350,-1,9.2241,45.4773,500,50,1,1596128176,1756806841,0
LTE,222,50,55226,256019793,-1,9.2182,45.4848,900,25,1,1602837421,1767377701,0
LTE,222,50,55226,256019733,-1,9.2203,45.4846,739,32,1,1602837451,1767377701,0
LTE,222,50,55226,256076310,-1,9.225,45.4779,981,28,1,1602837631,1756806841,0
LTE,222,50,55229,256074261,-1,9.2171,45.4695,1000,24,1,1602837661,1765200183,0
LTE,222,50,55226,256085330,-1,9.2159,45.4745,716,50,1,1602841111,1765200183,0
LTE,222,50,55226,256001342,-1,9.222,45.4881,892,31,1,1602841587,1767556741,0
LTE,222,50,55229,256074262,-1,9.214,45.4654,1000,13,1,1619507994,1765193522,0
LTE,222,50,55226,256001597,-1,9.2363,45.4854,1000,9,1,1619514238,1773603901,0
LTE,222,10,12040,7462688,0,9.2122,45.4817,1000,4,1,1620050895,1764804902,0
LTE,222,50,55226,256001617,-1,9.2351,45.4853,2290,23,1,1620979576,1777295461,0
LTE,222,10,12037,7485217,-1,9.2184,45.474,1000,17,1,1620565290,1762668850,0
LTE,222,10,12040,6905376,-1,9.2219,45.4739,1000,14,1,1620565338,1762668850,0
LTE,222,10,12040,6905375,-1,9.2241,45.4752,500,50,1,1620565410,1762668849,0
LTE,222,10,12037,6886432,-1,9.2152,45.4678,1000,17,1,1621088070,1757757424,0
LTE,222,10,12040,7455265,-1,9.2242,45.4769,1000,10,1,1621089082,1764804902,0
LTE,222,10,12040,7455285,-1,9.2247,45.4766,1000,21,1,1621089178,1764804902,0
LTE,222,10,12040,7400480,-1,9.227,45.4788,500,29,1,1624843648,1762668850,0
LTE,222,10,12040,7470369,-1,9.2392,45.4826,1000,13,1,1624844745,1762668850,0
LTE,222,10,12040,7400993,-1,9.2342,45.4748,1000,6,1,1625189726,1740732003,0
LTE,222,10,12040,7460384,-1,9.2324,45.4719,1000,12,1,1625189763,1756460461,0
LTE,222,50,55229,256074322,-1,9.215,45.4656,1000,14,1,1621087977,1765193522,0
LTE,222,50,10997,31268109,-1,9.2387,45.4804,601,29,1,1621818937,1762603023,0
LTE,222,50,55226,256085270,-1,9.2173,45.475,697,37,1,1621827413,1765200183,0
LTE,222,50,10973,31238921,-1,9.2383,45.4847,1000,4,1,1621929228,1777295461,0
LTE,222,50,10973,31238927,-1,9.2386,45.4851,1000,6,1,1621929245,1762603023,0
LTE,222,50,10973,31415054,-1,9.242,45.4862,1000,9,1,1621929260,1762603023,0
LTE,222,50,10997,31268103,-1,9.239,45.4819,1000,10,1,1621932775,1775387223,0
LTE,222,50,10997,31268097,-1,9.2378,45.4827,2309,23,1,1621932816,1777295461,0
LTE,222,50,55226,256001599,-1,9.2315,45.4841,1000,9,1,1636713090,1767377701,0
LTE,222,50,55226,256085329,-1,9.2155,45.4818,1000,9,1,1635608746,1740054182,0
LTE,222,50,10973,31385600,-1,9.2395,45.4751,3021,21,1,1640164368,1777295461,0
LTE,222,50,10996,31238144,-1,9.2372,45.4749,1000,19,1,1640164371,1775387223,0
LTE,222,50,10973,31385601,-1,9.2429,45.4682,1000,14,1,1640164401,1777295461,0
LTE,222,50,10996,39118605,-1,9.2167,45.4695,549,28,1,1653015636,1757059682,0
LTE,222,50,55226,256001557,-1,9.2363,45.4855,1000,13,1,1653305287,1767377701,0
LTE,222,50,10973,31268373,-1,9.2429,45.476,3119,6,1,1654568045,1762603023,0
LTE,222,10,12040,7400479,-1,9.2245,45.483,2009,10,1,1653014154,1740732003,0
LTE,222,10,12040,7359520,-1,9.2228,45.4856,1000,6,1,1653014284,1747662723,0
LTE,222,10,12040,7450923,-1,9.227,45.4831,1000,5,1,1653797353,1764804902,0
LTE,222,10,12040,6462763,-1,9.22,45.4821,1000,6,1,1655259779,1761376745,0
LTE,222,10,12040,7400501,-1,9.2214,45.4805,1000,23,1,1655718928,1764804902,0
LTE,222,10,12040,7400499,-1,9.2236,45.4815,1000,8,1,1655719069,1764804902,0
LTE,222,10,12040,6462773,-1,9.2195,45.4824,1000,10,1,1655719081,1764804902,0
LTE,222,50,10996,31439890,-1,9.2174,45.47,1000,11,1,1659345737,1757059682,0
LTE,222,50,10996,39118594,-1,9.2146,45.4709,1000,4,1,1662096061,1757059682,0
LTE,222,50,55229,256074311,-1,9.2173,45.4678,678,43,1,1662261662,1757059682,0
LTE,222,50,55226,256001619,-1,9.2305,45.4833,1000,12,1,1662263040,1756805281,0
LTE,222,50,10973,31385602,-1,9.2375,45.4701,1080,36,1,1662270470,1775387223,0
LTE,222,1,9226,128178445,-1,9.2135,45.4829,500,29,1,1662179663,1767729064,0
LTE,222,10,12037,7434025,-1,9.2139,45.4735,1000,10,1,1658752126,1757148905,0
LTE,222,10,12040,6462752,-1,9.2143,45.4809,1000,7,1,1661085824,1764804902,0
LTE,222,10,12040,6462753,-1,9.2185,45.4812,1000,8,1,1661085890,1762668849,0
LTE,222,10,12040,6462751,-1,9.2186,45.4789,1000,14,1,1661085968,1762668849,0
LTE,222,10,12040,6905377,-1,9.2209,45.4791,1000,4,1,1661086025,1762668849,0
LTE,222,10,12040,7473716,-1,9.2174,45.4851,1000,7,1,1662091932,1764804902,0
LTE,222,10,12040,6856757,-1,9.2203,45.4845,1000,6,1,1662091972,1764804902,0
LTE,222,50,10997,31268110,-1,9.2383,45.4796,1000,15,1,1668423262,1775387223,0
LTE,222,50,55137,256092693,-1,9.2403,45.4748,1000,16,1,1668423282,1762603023,0
LTE,222,50,55137,256712255,-1,9.2391,45.4842,540,29,1,1668423292,1776937204,0
LTE,222,50,55137,256534078,-1,9.2347,45.4878,524,30,1,1668423323,1776937204,0
UMTS,222,50,60220,48496658,291,9.212,45.4795,1090,35,1,1672908271,1767460264,0
UMTS,222,50,60130,48496808,0,9.2342,45.4874,1843,26,1,1673007675,1754670361,0
UMTS,222,50,60220,48496669,239,9.2321,45.4858,1773,10,1,1673007684,1756804502,0
UMTS,222,50,60220,48497094,296,9.2335,45.486,1861,9,1,1673007694,1756804501,0
UMTS,222,50,60130,48496699,138,9.2407,45.4752,962,27,1,1673007714,1776937204,0
LTE,222,50,55137,256534098,-1,9.2333,45.4872,2141,26,1,1673007734,1773601982,0
LTE,222,50,55137,256092753,-1,9.2407,45.4748,996,33,1,1673007744,1776937204,0
LTE,222,50,55137,256712275,-1,9.2381,45.4845,2533,22,1,1673932938,1776937204,0
LTE,222,50,55229,256077629,-1,9.2119,45.4718,1000,22,1,1679772295,1765200183,0
LTE,222,50,10996,31237133,-1,9.2333,45.4675,1428,19,1,1679772545,1762603024,0
LTE,222,50,55137,256092755,-1,9.2362,45.473,2839,23,1,1679772585,1743354611,0
LTE,222,50,55137,256844370,-1,9.2328,45.4663,1000,16,1,1679772595,1767545702,0
LTE,222,50,55137,256844371,-1,9.2429,45.4715,846,33,1,1679772615,1776937204,0
LTE,222,50,10996,39118606,-1,9.2134,45.4702,1000,16,1,1680262597,1757059682,0
UMTS,222,50,60220,48496651,379,9.2161,45.4691,1000,11,1,1680431270,1765206001,0
UMTS,222,50,60220,48496663,426,9.2204,45.4742,1000,13,1,1680431692,1765206001,0
UMTS,222,50,60220,48496838,341,9.216,45.474,1245,28,1,1680431732,1765206001,0
UMTS,222,50,60220,48496808,0,9.236,45.4862,1000,18,1,1680433818,1756804501,0
UMTS,222,50,60220,48496670,247,9.2336,45.4839,1000,11,1,1680433898,1756804501,0
LTE,222,50,55137,256092733,-1,9.2431,45.4739,904,28,1,1680434108,1776937204,0
UMTS,222,50,14511,31603897,401,9.2383,45.4816,1000,8,1,1680749443,1740051483,0
UMTS,222,50,14511,31600296,249,9.2266,45.4865,870,27,1,1680749483,1756805282,0
UMTS,222,50,60220,48496649,317,9.2409,45.4769,2943,50,1,1680749723,1754669942,0
LTE,222,50,55229,256074312,-1,9.2135,45.4657,1000,7,1,1680861959,1765193522,0
UMTS,222,50,14511,31630143,254,9.2139,45.4657,1000,11,1,1680861999,1776978483,0
UMTS,222,50,60220,48496839,377,9.213,45.4797,1000,16,1,1680866603,1740065283,0
LTE,222,50,55229,256077589,-1,9.2128,45.4736,1000,6,1,1680879947,1765200183,0
UMTS,222,50,14511,31600286,60,9.2148,45.4678,1000,22,1,1680885247,1767545702,0
UMTS,222,50,14511,31630142,364,9.2123,45.468,1000,17,1,1680885317,1767545703,0
UMTS,222,50,14511,31630153,349,9.2157,45.4796,1000,9,1,1680885487,1740056642,0
UMTS,222,50,14511,31630152,86,9.2185,45.4789,1000,6,1,1680885617,1740065283,0
LTE,222,50,55137,256020561,-1,9.2374,45.4701,1000,5,1,1692639016,1776937204,0
LTE,222,50,55226,256085269,-1,9.2166,45.4808,1000,9,1,1694872619,1740056642,0
LTE,222,50,55137,256712265,-1,9.2375,45.4838,1000,12,1,1699092414,1773603901,0
LTE,222,50,10996,31238156,-1,9.2371,45.4744,1000,7,1,1707889984,1775387223,0
LTE,222,50,10973,31385614,-1,9.2381,45.4695,707,26,1,1707889994,1743257049,0
LTE,222,50,10974,31409170,-1,9.238,45.4645,1701,7,1,1707890024,1775387223,0
UMTS,222,50,14511,31617238,471,9.2179,45.4858,1000,6,1,1710578432,1767556741,0
UMTS,222,50,14511,31630245,502,9.2182,45.4862,1000,20,1,1710578452,1767556741,0
UMTS,222,50,14511,31617239,90,9.214,45.483,1000,15,1,1710578662,1767556741,0
UMTS,222,50,60220,48496657,282,9.217,45.4856,1000,21,1,1710578722,1754500982,0
UMTS,222,50,14511,31630151,229,9.2134,45.482,1000,5,1,1710584333,1740056642,0
UMTS,222,50,60220,48496837,333,9.2176,45.4814,1000,16,1,1710586113,1762668722,0
LTE,222,50,55137,256092695,-1,9.2389,45.4733,1000,13,1,1695606047,1754670361,0
LTE,222,50,55137,256092735,-1,9.2383,45.4733,1000,16,1,1695606051,1765208942,0
LTE,222,50,55137,256844309,-1,9.2446,45.4653,1000,9,1,1698897424,1776358325,0
LTE,222,1,9005,129146157,-1,9.2147,45.4743,5994,5,1,1718705941,1754675663,0
LTE,222,1,9210,129150768,-1,9.2171,45.4714,5614,4,1,1718706211,1754675663,0
LTE,222,1,9210,129150765,-1,9.2171,45.4714,5614,4,1,1718706311,1754675663,0
LTE,222,1,9005,129119536,-1,9.2134,45.465,5217,6,1,1718706561,1754675663,0
LTE,222,1,9005,129119535,-1,9.2134,45.465,5217,6,1,1718706591,1754675663,0
LTE,222,1,9005,129119533,-1,9.2134,45.465,5217,6,1,1718706731,1754675663,0
LTE,222,1,9005,129119531,-1,9.2134,45.465,5217,6,1,1718706821,1754675663,0
LTE,222,1,9005,129119530,-1,9.2134,45.465,5217,6,1,1718706901,1754675663,0
LTE,222,1,9005,129119529,-1,9.2134,45.465,5217,6,1,1718706921,1754675663,0
LTE,222,1,9017,128270101,-1,9.2439,45.4722,1000,16,1,1723107305,1760586959,0
LTE,222,50,10973,31385612,-1,9.2405,45.4734,1000,7,1,1723107315,1762603023,0
LTE,222,1,9017,128916758,-1,9.2388,45.4743,1000,15,1,1723107325,1772950627,0
LTE,222,50,10973,31385618,-1,9.2387,45.4757,1000,5,1,1723107335,1762603023,0
LTE,222,1,9151,128986135,-1,9.2383,45.4812,500,27,1,1723107355,1753085108,0
LTE,222,50,10997,31268113,-1,9.238,45.4838,1000,7,1,1723107405,1762603023,0
LTE,222,1,9225,128295958,-1,9.2373,45.4848,1000,9,1,1723107405,1754675662,0
LTE,222,1,9225,128295957,-1,9.2362,45.4861,1000,8,1,1723107575,1753085108,0
LTE,222,50,10997,141519372,-1,9.2371,45.4845,1000,16,1,1723107585,1743354612,0
LTE,222,1,9225,128896022,-1,9.2355,45.487,1000,11,1,1723107595,1754675662,0
LTE,222,1,9005,129146144,-1,9.2174,45.4715,5613,4,1,1723108695,1754675663,0
UMTS,222,50,60130,48501002,383,9.2386,45.4798,1000,14,1,1723680364,1754670361,0
LTE,222,1,9225,128278276,-1,9.2204,45.4863,1000,8,1,1725163271,1756324508,0
LTE,222,1,9225,128866089,-1,9.2347,45.486,1000,13,1,1725163447,1754675664,0
LTE,222,1,9151,128970793,-1,9.2373,45.4856,1000,5,1,1725715321,1754675664,0
LTE,222,1,9225,128959274,-1,9.2355,45.4868,1000,11,1,1725715399,1754675664,0
LTE,222,1,9225,128006917,-1,9.2169,45.4863,1000,12,1,1725715819,1756324508,0
LTE,222,1,9225,128006918,-1,9.2148,45.4876,1000,6,1,1725716029,1742845447,0
LTE,222,50,10973,31385606,-1,9.2416,45.4739,1000,10,1,1725758719,1762603023,0
UMTS,222,50,60220,48501002,383,9.2384,45.4786,543,28,1,1729691693,1754670361,0
LTE,222,50,55226,259195985,-1,9.2385,45.4794,554,25,1,1733547442,1776937204,0
LTE,222,50,55137,256534038,-1,9.2348,45.4876,1000,16,1,1733547682,1777295461,0
LTE,222,50,55226,256111894,-1,9.2326,45.4869,1000,6,1,1733547852,1777295412,0
LTE,222,1,9225,128866090,-1,9.2374,45.4845,1000,7,1,1735199225,1754675664,0
LTE,222,1,9151,128970795,-1,9.2383,45.4806,1000,14,1,1735199315,1754675664,0
UMTS,222,50,60220,48501078,377,9.2121,45.4784,500,26,1,1735381656,1740065283,0
LTE,222,1,9002,128038925,-1,9.2126,45.4754,6177,6,1,1735381465,1754675663,0
LTE,222,1,9226,128944673,-1,9.2159,45.482,1000,11,1,1735381595,1735407782,0
LTE,222,1,9019,129183263,-1,9.2136,45.4796,1000,4,1,1735381675,1735407782,0
LTE,222,1,9225,128006920,-1,9.2189,45.4865,1000,17,1,1735381915,1767729064,0
LTE,222,50,55138,256543825,-1,9.2402,45.4648,1012,11,1,1740031445,1757390090,0
UMTS,222,50,60130,48496746,81,9.2377,45.4645,1000,6,1,1740031465,1740051483,0
UMTS,222,50,60130,48496701,154,9.2381,45.474,1000,11,1,1740031495,1740051483,0
LTE,222,50,55226,259195965,-1,9.2386,45.4779,500,41,1,1740031525,1773603901,0
LTE,222,50,55226,259220286,-1,9.213,45.4781,500,43,1,1740036618,1767452524,0
LTE,222,50,55226,259220306,-1,9.2119,45.4776,1000,10,1,1740036748,1767452524,0
UMTS,222,50,60220,48496677,176,9.2195,45.478,1000,17,1,1740045158,1762668722,0
LTE,222,10,12040,7651617,-1,9.229,45.4786,1000,9,1,1740617976,1762668849,0
LTE,222,10,12040,6502689,-1,9.2303,45.477,1000,4,1,1740618096,1740732003,0
LTE,222,10,12040,7651872,-1,9.2323,45.4771,1000,7,1,1740618216,1740732003,0
LTE,222,10,12040,7651616,-1,9.2305,45.4789,1000,8,1,1740627818,1762668849,0
LTE,222,10,12040,7651627,-1,9.2291,45.4791,1000,9,1,1740627941,1752056701,0
LTE,222,10,12040,7454763,-1,9.2128,45.4822,1000,5,1,1740711316,1740732004,0
LTE,222,10,12040,7129395,-1,9.2145,45.4838,1000,13,1,1740711428,1764804902,0
LTE,222,10,12040,7454751,-1,9.2161,45.4846,1000,4,1,1740711476,1764804902,0
LTE,222,1,9017,129300501,0,9.2379,45.4696,1000,12,1,1741850138,1753085108,0
LTE,222,50,10997,31237645,-1,9.235,45.4874,1000,5,1,1743223844,1743354612,0
LTE,222,50,10997,31238676,-1,9.2344,45.488,1000,8,1,1743326142,1743354612,0
LTE,222,50,55226,256019784,-1,9.2133,45.4753,1000,8,1,1745566102,1767377701,0
UMTS,222,88,14511,31630170,-1,9.2308,45.4769,1000,6,1,1749063798,1749063841,0
LTE,222,1,9017,129300502,-1,9.2387,45.4645,1001,14,1,1743386624,1766033799,0
LTE,222,1,9017,129300777,-1,9.2379,45.4696,1000,11,1,1742094162,1753085108,0
LTE,222,1,9017,128869931,-1,9.2381,45.4738,1000,9,1,1742094182,1753085108,0
LTE,222,1,9017,128270102,-1,9.238,45.4729,1000,5,1,1742094182,1753085108,0
LTE,222,1,9017,128917035,-1,9.2382,45.4767,1000,4,1,1742094202,1753085108,0
LTE,222,1,9017,128916759,-1,9.2382,45.4767,1000,4,1,1742094202,1753085108,0
LTE,222,1,9225,128927530,-1,9.2354,45.4866,1000,7,1,1742094362,1753085108,0
LTE,222,50,55226,256111934,-1,9.2318,45.4873,1000,9,1,1754384818,1767377701,0
UMTS,222,50,60220,48501788,306,9.2153,45.4861,1000,8,1,1754478407,1767460264,0
LTE,222,50,55226,259463999,-1,9.2165,45.4859,1000,19,1,1754478457,1767556741,0
LTE,222,50,55226,259463998,-1,9.2204,45.4868,1000,22,1,1754478467,1767556741,0
UMTS,222,50,60220,48501787,315,9.221,45.4876,1000,8,1,1754478477,1754500982,0
LTE,222,50,55226,259195925,-1,9.2384,45.4802,503,25,1,1754650144,1776937204,0
UMTS,222,50,60220,48501541,261,9.2401,45.4725,1000,6,1,1754650184,1754670361,0
LTE,222,1,9017,128917024,-1,9.2389,45.4749,1000,5,1,1754384559,1754675662,0
LTE,222,1,9017,128917023,-1,9.2384,45.4768,1000,4,1,1754384568,1754675662,0
LTE,222,1,9151,128970785,-1,9.2384,45.4807,1000,8,1,1754384579,1754675662,0
LTE,222,1,9017,128916797,-1,9.2385,45.4759,1000,6,1,1754650169,1754675664,0
LTE,222,1,9226,128540929,-1,9.2147,45.4842,1000,4,1,1756302414,1756324508,0
UMTS,222,50,60220,48496671,248,9.2309,45.4845,1000,9,1,1756782132,1756804502,0
LTE,222,50,55226,258255933,-1,9.2312,45.485,1000,5,1,1756784809,1756806841,0
LTE,222,50,55226,256001559,-1,9.2298,45.4831,1000,9,1,1756785547,1767377701,0
LTE,222,10,12035,6638879,-1,9.2147,45.4646,1000,14,1,1756897804,1757757425,0
LTE,222,10,12037,6886431,-1,9.2148,45.4701,1000,14,1,1756898024,1757757424,0
LTE,222,10,12037,7434026,-1,9.2148,45.4719,1000,7,1,1756898074,1757757423,0
LTE,222,10,12037,7667743,-1,9.2135,45.4757,1000,11,1,1756898234,1757757424,0
LTE,222,10,12037,7616032,-1,9.2128,45.4774,1000,10,1,1756898264,1757757424,0
LTE,222,10,12037,7616042,-1,9.2149,45.4771,1000,5,1,1756898284,1757148905,0
LTE,222,10,12037,7616031,-1,9.2125,45.4784,1000,13,1,1756898524,1764804902,0
LTE,222,10,12037,6805024,-1,9.2129,45.4739,1000,9,1,1757684290,1762668850,0
LTE,222,10,12037,7667744,-1,9.2147,45.4744,1000,7,1,1757684300,1757757424,0
LTE,222,10,12037,7434016,-1,9.2147,45.4715,1000,4,1,1757702351,1757757424,0
UMTS,222,50,14511,31600095,-1,9.2207,45.4775,1715,51,1,1762668715,1762668723,0
LTE,222,10,12040,6462771,-1,9.2196,45.48,1000,14,1,1756528593,1762668849,0
LTE,222,10,12040,6462731,-1,9.2191,45.4802,1000,9,1,1756534573,1764804902,0
LTE,222,10,12037,7485197,-1,9.2181,45.4741,1000,4,1,1756535372,1762668849,0
LTE,222,10,12040,6404384,-1,9.2353,45.4808,1000,6,1,1756536422,1762668850,0
LTE,222,10,12040,7450891,-1,9.2264,45.4829,1000,5,1,1764769552,1764804902,0
LTE,222,10,12040,7400459,-1,9.2255,45.4811,1000,4,1,1764778911,1764804902,0
LTE,222,10,12040,7400461,-1,9.2235,45.4806,1000,4,1,1764779131,1764804902,0
LTE,222,10,12040,6462732,-1,9.2151,45.4801,1000,8,1,1764779291,1764804902,0
LTE,222,50,55226,259220245,-1,9.2138,45.4807,1000,23,1,1765000154,1767556741,0
LTE,222,50,55226,259463959,-1,9.2164,45.4862,1000,7,1,1765020358,1767377701,0
LTE,222,50,55229,259464253,-1,9.2147,45.4644,1000,9,1,1765169829,1767545702,0
LTE,222,50,55137,259449663,-1,9.2147,45.4661,1000,9,1,1765170259,1767545702,0
UMTS,222,50,60220,48502200,362,9.2148,45.4652,1000,7,1,1765184566,1765206001,0
UMTS,222,50,60220,48502268,353,9.2136,45.4643,1000,14,1,1765184646,1765206001,0
LTE,222,50,55137,256534088,-1,9.2345,45.4881,1000,6,1,1765188080,1765208102,0
LTE,222,50,55226,259463958,-1,9.2217,45.4865,1000,14,1,1767351780,1767377701,0
LTE,222,50,55226,258255935,-1,9.227,45.4861,1000,5,1,1767351850,1767377701,0
LTE,222,50,55226,258255895,-1,9.227,45.4861,1000,5,1,1767351850,1767377701,0
LTE,222,50,55137,259723581,-1,9.2318,45.4683,1000,5,1,1767429214,1767452524,0
UMTS,222,50,60220,48496665,8,9.2186,45.4717,1000,22,1,1767429373,1767452524,0
LTE,222,1,9214,128542761,-1,9.2148,45.4645,1000,6,1,1767518640,1767549189,0
LTE,222,1,9214,128881450,-1,9.214,45.468,1000,8,1,1767518740,1767549189,0
UMTS,222,50,14511,31589009,255,9.221,45.4876,1000,4,1,1767534479,1767556741,0
LTE,222,50,10973,31238664,-1,9.235,45.4874,1000,8,1,1775351679,1775387223,0
